{'boosting': 'gbdt', 'colsample_bytree': 1, 'learning_rate': 0.001, 'max_depth': 17, 'min_child_samples': 60, 'n_estimators': 600, 'num_class': 4, 'num_leaves': 100, 'objective': 'multiclass', 'reg_alpha': 0.8, 'reg_lambda': 0.8, 'subsample': 0.6, 'verbose': 1, 'f1_score-mean': 0.14816861796091485, 'f1_score-stdv': 4.107957944374971e-05}
{'boosting': 'gbdt', 'colsample_bytree': 1, 'learning_rate': 0.001, 'max_depth': 17, 'min_child_samples': 60, 'n_estimators': 600, 'num_class': 4, 'num_leaves': 100, 'objective': 'multiclass', 'reg_alpha': 0.8, 'reg_lambda': 0.8, 'subsample': 0.6, 'verbose': 1, 'f1_score-mean': 0.14816861796091485, 'f1_score-stdv': 4.107957944374971e-05}
{'boosting': 'gbdt', 'colsample_bytree': 1, 'learning_rate': 0.03, 'max_depth': 11, 'min_child_samples': 20, 'n_estimators': 500, 'num_class': 4, 'num_leaves': 700, 'objective': 'multiclass', 'reg_alpha': 0.4, 'reg_lambda': 0.9, 'subsample': 0.5, 'verbose': 1, 'f1_score-mean': 0.9635393493899512, 'f1_score-stdv': 0.0030206228583581434}
{'boosting': 'gbdt', 'colsample_bytree': 1, 'learning_rate': 0.03, 'max_depth': 11, 'min_child_samples': 20, 'n_estimators': 500, 'num_class': 4, 'num_leaves': 700, 'objective': 'multiclass', 'reg_alpha': 0.4, 'reg_lambda': 0.9, 'subsample': 0.5, 'verbose': 1, 'f1_score-mean': 0.9635393493899512, 'f1_score-stdv': 0.0030206228583581434}
{'boosting': 'gbdt', 'colsample_bytree': 1, 'learning_rate': 0.03, 'max_depth': 11, 'min_child_samples': 100, 'n_estimators': 400, 'num_class': 4, 'num_leaves': 200, 'objective': 'multiclass', 'reg_alpha': 0.0, 'reg_lambda': 0.6000000000000001, 'subsample': 0.2, 'verbose': 1, 'f1_score-mean': 0.9612365212018871, 'f1_score-stdv': 0.003714849327386994}
{'boosting': 'gbdt', 'colsample_bytree': 1, 'learning_rate': 0.1, 'max_depth': 6, 'min_child_samples': 80, 'n_estimators': 500, 'num_class': 4, 'num_leaves': 600, 'objective': 'multiclass', 'reg_alpha': 0.4, 'reg_lambda': 0.9, 'subsample': 0.7000000000000001, 'verbose': 1, 'f1_score-mean': 0.9611076772803834, 'f1_score-stdv': 0.0037580611080619826}
{'boosting': 'gbdt', 'colsample_bytree': 1, 'learning_rate': 0.03, 'max_depth': 5, 'min_child_samples': 70, 'n_estimators': 200, 'num_class': 4, 'num_leaves': 800, 'objective': 'multiclass', 'reg_alpha': 0.30000000000000004, 'reg_lambda': 0.1, 'subsample': 0.4, 'verbose': 1, 'f1_score-mean': 0.9433837083744017, 'f1_score-stdv': 0.0022710714636208877}
{'boosting': 'gbdt', 'colsample_bytree': 1, 'learning_rate': 0.1, 'max_depth': 15, 'min_child_samples': 40, 'n_estimators': 700, 'num_class': 4, 'num_leaves': 900, 'objective': 'multiclass', 'reg_alpha': 0.7000000000000001, 'reg_lambda': 0.30000000000000004, 'subsample': 0.1, 'verbose': 1, 'f1_score-mean': 0.9633996558697893, 'f1_score-stdv': 0.004084436047256524}
{'boosting': 'gbdt', 'colsample_bytree': 1, 'learning_rate': 0.03, 'max_depth': 12, 'min_child_samples': 90, 'n_estimators': 300, 'num_class': 4, 'num_leaves': 400, 'objective': 'multiclass', 'reg_alpha': 0.1, 'reg_lambda': 0.5, 'subsample': 0.8, 'verbose': 1, 'f1_score-mean': 0.960665165565102, 'f1_score-stdv': 0.0030710581737778036}
{'boosting': 'gbdt', 'colsample_bytree': 1, 'learning_rate': 0.03, 'max_depth': 9, 'min_child_samples': 50, 'n_estimators': 500, 'num_class': 4, 'num_leaves': 500, 'objective': 'multiclass', 'reg_alpha': 0.5, 'reg_lambda': 0.2, 'subsample': 0.30000000000000004, 'verbose': 1, 'f1_score-mean': 0.9616103602543868, 'f1_score-stdv': 0.003909243171011524}
{'boosting': 'gbdt', 'colsample_bytree': 1, 'learning_rate': 0.1, 'max_depth': 8, 'min_child_samples': 30, 'n_estimators': 500, 'num_class': 4, 'num_leaves': 300, 'objective': 'multiclass', 'reg_alpha': 0.9, 'reg_lambda': 0.0, 'subsample': 0.9, 'verbose': 1, 'f1_score-mean': 0.9634207699168222, 'f1_score-stdv': 0.003629341732349539}
{'boosting': 'gbdt', 'colsample_bytree': 1, 'learning_rate': 0.001, 'max_depth': 7, 'min_child_samples': 20, 'n_estimators': 700, 'num_class': 4, 'num_leaves': 700, 'objective': 'multiclass', 'reg_alpha': 0.6000000000000001, 'reg_lambda': 0.4, 'subsample': 0.9, 'verbose': 1, 'f1_score-mean': 0.14816861796091485, 'f1_score-stdv': 4.107957944374971e-05}
{'boosting': 'gbdt', 'colsample_bytree': 1, 'learning_rate': 0.03, 'max_depth': 13, 'min_child_samples': 20, 'n_estimators': 400, 'num_class': 4, 'num_leaves': 1000, 'objective': 'multiclass', 'reg_alpha': 0.2, 'reg_lambda': 0.7000000000000001, 'subsample': 0.5, 'verbose': 1, 'f1_score-mean': 0.9640633510786698, 'f1_score-stdv': 0.0036976556520462492}
{'boosting': 'gbdt', 'colsample_bytree': 1, 'learning_rate': 0.03, 'max_depth': 18, 'min_child_samples': 40, 'n_estimators': 400, 'num_class': 4, 'num_leaves': 1000, 'objective': 'multiclass', 'reg_alpha': 0.2, 'reg_lambda': 0.7000000000000001, 'subsample': 0.5, 'verbose': 1, 'f1_score-mean': 0.9639710492918215, 'f1_score-stdv': 0.003739031500184365}
{'boosting': 'gbdt', 'colsample_bytree': 1, 'learning_rate': 0.1, 'max_depth': 13, 'min_child_samples': 70, 'n_estimators': 400, 'num_class': 4, 'num_leaves': 1000, 'objective': 'multiclass', 'reg_alpha': 0.2, 'reg_lambda': 0.7000000000000001, 'subsample': 0.2, 'verbose': 1, 'f1_score-mean': 0.963266541484552, 'f1_score-stdv': 0.0038862887813257145}
{'boosting': 'gbdt', 'colsample_bytree': 1, 'learning_rate': 0.03, 'max_depth': 13, 'min_child_samples': 50, 'n_estimators': 400, 'num_class': 4, 'num_leaves': 1000, 'objective': 'multiclass', 'reg_alpha': 0.2, 'reg_lambda': 0.7000000000000001, 'subsample': 0.5, 'verbose': 1, 'f1_score-mean': 0.9635164754011674, 'f1_score-stdv': 0.0031474359307078832}
{'boosting': 'gbdt', 'colsample_bytree': 1, 'learning_rate': 0.001, 'max_depth': 14, 'min_child_samples': 80, 'n_estimators': 300, 'num_class': 4, 'num_leaves': 1000, 'objective': 'multiclass', 'reg_alpha': 0.6000000000000001, 'reg_lambda': 0.2, 'subsample': 0.7000000000000001, 'verbose': 1, 'f1_score-mean': 0.14816861796091485, 'f1_score-stdv': 4.107957944374971e-05}
{'boosting': 'gbdt', 'colsample_bytree': 1, 'learning_rate': 0.03, 'max_depth': 18, 'min_child_samples': 40, 'n_estimators': 400, 'num_class': 4, 'num_leaves': 1000, 'objective': 'multiclass', 'reg_alpha': 0.2, 'reg_lambda': 0.7000000000000001, 'subsample': 0.5, 'verbose': 1, 'f1_score-mean': 0.9639710492918215, 'f1_score-stdv': 0.003739031500184365}
{'boosting': 'gbdt', 'colsample_bytree': 1, 'learning_rate': 0.03, 'max_depth': 18, 'min_child_samples': 40, 'n_estimators': 400, 'num_class': 4, 'num_leaves': 1000, 'objective': 'multiclass', 'reg_alpha': 0.2, 'reg_lambda': 0.7000000000000001, 'subsample': 0.5, 'verbose': 1, 'f1_score-mean': 0.9639710492918215, 'f1_score-stdv': 0.003739031500184365}
{'boosting': 'gbdt', 'colsample_bytree': 1, 'learning_rate': 0.03, 'max_depth': 16, 'min_child_samples': 30, 'n_estimators': 400, 'num_class': 4, 'num_leaves': 1000, 'objective': 'multiclass', 'reg_alpha': 0.2, 'reg_lambda': 0.7000000000000001, 'subsample': 0.5, 'verbose': 1, 'f1_score-mean': 0.9643245825072937, 'f1_score-stdv': 0.0034092432610894723}
{'boosting': 'gbdt', 'colsample_bytree': 1, 'learning_rate': 0.03, 'max_depth': 16, 'min_child_samples': 30, 'n_estimators': 200, 'num_class': 4, 'num_leaves': 300, 'objective': 'multiclass', 'reg_alpha': 0.5, 'reg_lambda': 0.1, 'subsample': 0.1, 'verbose': 1, 'f1_score-mean': 0.962908492817857, 'f1_score-stdv': 0.0035465653072782235}
{'boosting': 'gbdt', 'colsample_bytree': 1, 'learning_rate': 0.03, 'max_depth': 19, 'min_child_samples': 30, 'n_estimators': 400, 'num_class': 4, 'num_leaves': 800, 'objective': 'multiclass', 'reg_alpha': 0.2, 'reg_lambda': 0.7000000000000001, 'subsample': 0.8, 'verbose': 1, 'f1_score-mean': 0.9644926388681613, 'f1_score-stdv': 0.003332998180574528}
{'boosting': 'gbdt', 'colsample_bytree': 1, 'learning_rate': 0.03, 'max_depth': 19, 'min_child_samples': 30, 'n_estimators': 400, 'num_class': 4, 'num_leaves': 800, 'objective': 'multiclass', 'reg_alpha': 0.9, 'reg_lambda': 0.4, 'subsample': 0.8, 'verbose': 1, 'f1_score-mean': 0.9639449442509044, 'f1_score-stdv': 0.0033327862038213646}
{'boosting': 'gbdt', 'colsample_bytree': 1, 'learning_rate': 0.03, 'max_depth': 19, 'min_child_samples': 30, 'n_estimators': 600, 'num_class': 4, 'num_leaves': 800, 'objective': 'multiclass', 'reg_alpha': 0.1, 'reg_lambda': 0.5, 'subsample': 0.8, 'verbose': 1, 'f1_score-mean': 0.9644853100872991, 'f1_score-stdv': 0.0037362380118814483}
{'boosting': 'gbdt', 'colsample_bytree': 1, 'learning_rate': 0.001, 'max_depth': 19, 'min_child_samples': 30, 'n_estimators': 600, 'num_class': 4, 'num_leaves': 800, 'objective': 'multiclass', 'reg_alpha': 0.1, 'reg_lambda': 0.5, 'subsample': 0.8, 'verbose': 1, 'f1_score-mean': 0.14816861796091485, 'f1_score-stdv': 4.107957944374971e-05}
{'boosting': 'gbdt', 'colsample_bytree': 1, 'learning_rate': 0.03, 'max_depth': 19, 'min_child_samples': 30, 'n_estimators': 600, 'num_class': 4, 'num_leaves': 800, 'objective': 'multiclass', 'reg_alpha': 0.1, 'reg_lambda': 0.5, 'subsample': 0.8, 'verbose': 1, 'f1_score-mean': 0.9644853100872991, 'f1_score-stdv': 0.0037362380118814483}
{'boosting': 'gbdt', 'colsample_bytree': 1, 'learning_rate': 0.1, 'max_depth': 10, 'min_child_samples': 100, 'n_estimators': 600, 'num_class': 4, 'num_leaves': 800, 'objective': 'multiclass', 'reg_alpha': 0.1, 'reg_lambda': 0.5, 'subsample': 0.8, 'verbose': 1, 'f1_score-mean': 0.962533401019398, 'f1_score-stdv': 0.0032804463851818866}
{'boosting': 'gbdt', 'colsample_bytree': 1, 'learning_rate': 0.03, 'max_depth': 19, 'min_child_samples': 90, 'n_estimators': 700, 'num_class': 4, 'num_leaves': 800, 'objective': 'multiclass', 'reg_alpha': 0.7000000000000001, 'reg_lambda': 0.6000000000000001, 'subsample': 0.8, 'verbose': 1, 'f1_score-mean': 0.9635698992321338, 'f1_score-stdv': 0.0032513484802698077}
{'boosting': 'gbdt', 'colsample_bytree': 1, 'learning_rate': 0.001, 'max_depth': 19, 'min_child_samples': 60, 'n_estimators': 600, 'num_class': 4, 'num_leaves': 900, 'objective': 'multiclass', 'reg_alpha': 0.0, 'reg_lambda': 0.0, 'subsample': 0.4, 'verbose': 1, 'f1_score-mean': 0.14816861796091485, 'f1_score-stdv': 4.107957944374971e-05}
{'boosting': 'gbdt', 'colsample_bytree': 1, 'learning_rate': 0.03, 'max_depth': 12, 'min_child_samples': 30, 'n_estimators': 300, 'num_class': 4, 'num_leaves': 400, 'objective': 'multiclass', 'reg_alpha': 0.30000000000000004, 'reg_lambda': 0.30000000000000004, 'subsample': 0.30000000000000004, 'verbose': 1, 'f1_score-mean': 0.9635472774069649, 'f1_score-stdv': 0.003464907035258668}
{'boosting': 'gbdt', 'colsample_bytree': 1, 'learning_rate': 0.001, 'max_depth': 17, 'min_child_samples': 60, 'n_estimators': 600, 'num_class': 4, 'num_leaves': 100, 'objective': 'multiclass', 'reg_alpha': 0.8, 'reg_lambda': 0.8, 'subsample': 0.6, 'verbose': 1, 'f1_score-mean': 0.14816861796091485, 'f1_score-stdv': 4.107957944374971e-05}
{'boosting': 'gbdt', 'colsample_bytree': 1, 'learning_rate': 0.03, 'max_depth': 8, 'min_child_samples': 30, 'n_estimators': 200, 'num_class': 4, 'num_leaves': 500, 'objective': 'multiclass', 'reg_alpha': 0.8, 'reg_lambda': 0.8, 'subsample': 0.8, 'verbose': 1, 'f1_score-mean': 0.9541756988560902, 'f1_score-stdv': 0.003785938129746408}
{'boosting': 'gbdt', 'colsample_bytree': 1, 'learning_rate': 0.1, 'max_depth': 5, 'min_child_samples': 30, 'n_estimators': 600, 'num_class': 4, 'num_leaves': 200, 'objective': 'multiclass', 'reg_alpha': 0.1, 'reg_lambda': 0.5, 'subsample': 0.6, 'verbose': 1, 'f1_score-mean': 0.9607063286127507, 'f1_score-stdv': 0.0032244915237417565}
{'boosting': 'gbdt', 'colsample_bytree': 1, 'learning_rate': 0.03, 'max_depth': 14, 'min_child_samples': 100, 'n_estimators': 600, 'num_class': 4, 'num_leaves': 600, 'objective': 'multiclass', 'reg_alpha': 0.30000000000000004, 'reg_lambda': 0.6000000000000001, 'subsample': 0.8, 'verbose': 1, 'f1_score-mean': 0.9630214299625713, 'f1_score-stdv': 0.00310271814476605}
{'boosting': 'gbdt', 'colsample_bytree': 1, 'learning_rate': 0.03, 'max_depth': 6, 'min_child_samples': 80, 'n_estimators': 700, 'num_class': 4, 'num_leaves': 800, 'objective': 'multiclass', 'reg_alpha': 0.0, 'reg_lambda': 0.9, 'subsample': 0.2, 'verbose': 1, 'f1_score-mean': 0.9588940173741802, 'f1_score-stdv': 0.003676067227558878}
{'boosting': 'gbdt', 'colsample_bytree': 1, 'learning_rate': 0.03, 'max_depth': 19, 'min_child_samples': 70, 'n_estimators': 200, 'num_class': 4, 'num_leaves': 100, 'objective': 'multiclass', 'reg_alpha': 0.4, 'reg_lambda': 0.1, 'subsample': 0.7000000000000001, 'verbose': 1, 'f1_score-mean': 0.9601701492754074, 'f1_score-stdv': 0.0034147370269772626}
{'boosting': 'gbdt', 'colsample_bytree': 1, 'learning_rate': 0.001, 'max_depth': 15, 'min_child_samples': 50, 'n_estimators': 300, 'num_class': 4, 'num_leaves': 800, 'objective': 'multiclass', 'reg_alpha': 0.1, 'reg_lambda': 0.30000000000000004, 'subsample': 0.4, 'verbose': 1, 'f1_score-mean': 0.14816861796091485, 'f1_score-stdv': 4.107957944374971e-05}
{'boosting': 'gbdt', 'colsample_bytree': 1, 'learning_rate': 0.1, 'max_depth': 10, 'min_child_samples': 90, 'n_estimators': 600, 'num_class': 4, 'num_leaves': 200, 'objective': 'multiclass', 'reg_alpha': 0.7000000000000001, 'reg_lambda': 0.5, 'subsample': 0.1, 'verbose': 1, 'f1_score-mean': 0.9632448945980878, 'f1_score-stdv': 0.0038668696229862583}
{'boosting': 'gbdt', 'colsample_bytree': 1, 'learning_rate': 0.03, 'max_depth': 11, 'min_child_samples': 60, 'n_estimators': 500, 'num_class': 4, 'num_leaves': 600, 'objective': 'multiclass', 'reg_alpha': 0.5, 'reg_lambda': 0.2, 'subsample': 0.30000000000000004, 'verbose': 1, 'f1_score-mean': 0.9632799655722204, 'f1_score-stdv': 0.0027560290532513787}
{'boosting': 'gbdt', 'colsample_bytree': 1, 'learning_rate': 0.03, 'max_depth': 17, 'min_child_samples': 30, 'n_estimators': 200, 'num_class': 4, 'num_leaves': 700, 'objective': 'multiclass', 'reg_alpha': 0.9, 'reg_lambda': 0.0, 'subsample': 0.9, 'verbose': 1, 'f1_score-mean': 0.9624762751345639, 'f1_score-stdv': 0.0034762925760485164}
{'boosting': 'gbdt', 'colsample_bytree': 1, 'learning_rate': 0.1, 'max_depth': 9, 'min_child_samples': 100, 'n_estimators': 500, 'num_class': 4, 'num_leaves': 400, 'objective': 'multiclass', 'reg_alpha': 0.4, 'reg_lambda': 0.9, 'subsample': 0.8, 'verbose': 1, 'f1_score-mean': 0.962872081603404, 'f1_score-stdv': 0.003650039176175175}
{'boosting': 'gbdt', 'colsample_bytree': 1, 'learning_rate': 0.03, 'max_depth': 7, 'min_child_samples': 20, 'n_estimators': 700, 'num_class': 4, 'num_leaves': 500, 'objective': 'multiclass', 'reg_alpha': 0.6000000000000001, 'reg_lambda': 0.4, 'subsample': 0.6, 'verbose': 1, 'f1_score-mean': 0.961932266796857, 'f1_score-stdv': 0.0035900027372687375}
{'boosting': 'gbdt', 'colsample_bytree': 1, 'learning_rate': 0.001, 'max_depth': 19, 'min_child_samples': 80, 'n_estimators': 400, 'num_class': 4, 'num_leaves': 900, 'objective': 'multiclass', 'reg_alpha': 0.8, 'reg_lambda': 0.8, 'subsample': 0.8, 'verbose': 1, 'f1_score-mean': 0.14816861796091485, 'f1_score-stdv': 4.107957944374971e-05}
{'boosting': 'gbdt', 'colsample_bytree': 1, 'learning_rate': 0.03, 'max_depth': 6, 'min_child_samples': 70, 'n_estimators': 300, 'num_class': 4, 'num_leaves': 300, 'objective': 'multiclass', 'reg_alpha': 0.1, 'reg_lambda': 0.5, 'subsample': 0.2, 'verbose': 1, 'f1_score-mean': 0.9518911781048329, 'f1_score-stdv': 0.0031043349850012354}
{'boosting': 'gbdt', 'colsample_bytree': 1, 'learning_rate': 0.03, 'max_depth': 15, 'min_child_samples': 50, 'n_estimators': 600, 'num_class': 4, 'num_leaves': 800, 'objective': 'multiclass', 'reg_alpha': 0.0, 'reg_lambda': 0.6000000000000001, 'subsample': 0.9, 'verbose': 1, 'f1_score-mean': 0.9635668566694899, 'f1_score-stdv': 0.0028842008100832604}
{'boosting': 'gbdt', 'colsample_bytree': 1, 'learning_rate': 0.1, 'max_depth': 12, 'min_child_samples': 90, 'n_estimators': 400, 'num_class': 4, 'num_leaves': 700, 'objective': 'multiclass', 'reg_alpha': 0.30000000000000004, 'reg_lambda': 0.1, 'subsample': 0.7000000000000001, 'verbose': 1, 'f1_score-mean': 0.9629261218851172, 'f1_score-stdv': 0.0031982444409961223}
{'boosting': 'gbdt', 'colsample_bytree': 1, 'learning_rate': 0.03, 'max_depth': 5, 'min_child_samples': 30, 'n_estimators': 500, 'num_class': 4, 'num_leaves': 100, 'objective': 'multiclass', 'reg_alpha': 0.7000000000000001, 'reg_lambda': 0.2, 'subsample': 0.4, 'verbose': 1, 'f1_score-mean': 0.9568682634418539, 'f1_score-stdv': 0.0037102546277325375}
{'boosting': 'gbdt', 'colsample_bytree': 1, 'learning_rate': 0.001, 'max_depth': 9, 'min_child_samples': 30, 'n_estimators': 400, 'num_class': 4, 'num_leaves': 800, 'objective': 'multiclass', 'reg_alpha': 0.2, 'reg_lambda': 0.7000000000000001, 'subsample': 0.8, 'verbose': 1, 'f1_score-mean': 0.14816861796091485, 'f1_score-stdv': 4.107957944374971e-05}
{'boosting': 'gbdt', 'colsample_bytree': 1, 'learning_rate': 0.03, 'max_depth': 11, 'min_child_samples': 20, 'n_estimators': 700, 'num_class': 4, 'num_leaves': 200, 'objective': 'multiclass', 'reg_alpha': 0.6000000000000001, 'reg_lambda': 0.30000000000000004, 'subsample': 0.1, 'verbose': 1, 'f1_score-mean': 0.9639026361194665, 'f1_score-stdv': 0.0032096576828669716}
{'boosting': 'gbdt', 'colsample_bytree': 1, 'learning_rate': 0.03, 'max_depth': 8, 'min_child_samples': 40, 'n_estimators': 600, 'num_class': 4, 'num_leaves': 900, 'objective': 'multiclass', 'reg_alpha': 0.5, 'reg_lambda': 0.0, 'subsample': 0.30000000000000004, 'verbose': 1, 'f1_score-mean': 0.9617650954770112, 'f1_score-stdv': 0.0032779823114132776}
{'boosting': 'gbdt', 'colsample_bytree': 1, 'learning_rate': 0.1, 'max_depth': 7, 'min_child_samples': 70, 'n_estimators': 400, 'num_class': 4, 'num_leaves': 600, 'objective': 'multiclass', 'reg_alpha': 0.9, 'reg_lambda': 0.4, 'subsample': 0.8, 'verbose': 1, 'f1_score-mean': 0.9625815208715446, 'f1_score-stdv': 0.004506506416339583}
{'boosting': 'gbdt', 'colsample_bytree': 1, 'learning_rate': 0.03, 'max_depth': 19, 'min_child_samples': 80, 'n_estimators': 300, 'num_class': 4, 'num_leaves': 300, 'objective': 'multiclass', 'reg_alpha': 0.2, 'reg_lambda': 0.7000000000000001, 'subsample': 0.9, 'verbose': 1, 'f1_score-mean': 0.9617000769246717, 'f1_score-stdv': 0.003202933406782429}
{'boosting': 'gbdt', 'colsample_bytree': 1, 'learning_rate': 0.03, 'max_depth': 16, 'min_child_samples': 30, 'n_estimators': 200, 'num_class': 4, 'num_leaves': 800, 'objective': 'multiclass', 'reg_alpha': 0.4, 'reg_lambda': 0.9, 'subsample': 0.2, 'verbose': 1, 'f1_score-mean': 0.9629824637969138, 'f1_score-stdv': 0.003450746277807653}
{'boosting': 'gbdt', 'colsample_bytree': 1, 'learning_rate': 0.001, 'max_depth': 14, 'min_child_samples': 50, 'n_estimators': 400, 'num_class': 4, 'num_leaves': 400, 'objective': 'multiclass', 'reg_alpha': 0.1, 'reg_lambda': 0.5, 'subsample': 0.7000000000000001, 'verbose': 1, 'f1_score-mean': 0.14816861796091485, 'f1_score-stdv': 4.107957944374971e-05}
{'boosting': 'gbdt', 'colsample_bytree': 1, 'learning_rate': 0.03, 'max_depth': 13, 'min_child_samples': 60, 'n_estimators': 500, 'num_class': 4, 'num_leaves': 500, 'objective': 'multiclass', 'reg_alpha': 0.2, 'reg_lambda': 0.7000000000000001, 'subsample': 0.8, 'verbose': 1, 'f1_score-mean': 0.9634492000097664, 'f1_score-stdv': 0.0030453173445488817}
{'boosting': 'gbdt', 'colsample_bytree': 1, 'learning_rate': 0.1, 'max_depth': 19, 'min_child_samples': 100, 'n_estimators': 600, 'num_class': 4, 'num_leaves': 800, 'objective': 'multiclass', 'reg_alpha': 0.1, 'reg_lambda': 0.5, 'subsample': 0.1, 'verbose': 1, 'f1_score-mean': 0.96337928805868, 'f1_score-stdv': 0.0036940657065504087}
{'boosting': 'gbdt', 'colsample_bytree': 1, 'learning_rate': 0.03, 'max_depth': 18, 'min_child_samples': 40, 'n_estimators': 400, 'num_class': 4, 'num_leaves': 700, 'objective': 'multiclass', 'reg_alpha': 0.2, 'reg_lambda': 0.2, 'subsample': 0.6, 'verbose': 1, 'f1_score-mean': 0.9637116644866858, 'f1_score-stdv': 0.0033824753245995467}
{'boosting': 'gbdt', 'colsample_bytree': 1, 'learning_rate': 0.03, 'max_depth': 19, 'min_child_samples': 30, 'n_estimators': 700, 'num_class': 4, 'num_leaves': 800, 'objective': 'multiclass', 'reg_alpha': 0.6000000000000001, 'reg_lambda': 0.7000000000000001, 'subsample': 0.8, 'verbose': 1, 'f1_score-mean': 0.9637667881197837, 'f1_score-stdv': 0.0033537421369951225}
{'boosting': 'gbdt', 'colsample_bytree': 1, 'learning_rate': 0.001, 'max_depth': 10, 'min_child_samples': 20, 'n_estimators': 600, 'num_class': 4, 'num_leaves': 100, 'objective': 'multiclass', 'reg_alpha': 0.8, 'reg_lambda': 0.1, 'subsample': 0.4, 'verbose': 1, 'f1_score-mean': 0.14816861796091485, 'f1_score-stdv': 4.107957944374971e-05}
{'boosting': 'gbdt', 'colsample_bytree': 1, 'learning_rate': 0.03, 'max_depth': 17, 'min_child_samples': 90, 'n_estimators': 300, 'num_class': 4, 'num_leaves': 800, 'objective': 'multiclass', 'reg_alpha': 0.5, 'reg_lambda': 0.8, 'subsample': 0.5, 'verbose': 1, 'f1_score-mean': 0.9622273336626863, 'f1_score-stdv': 0.003551400180842308}
{'boosting': 'gbdt', 'colsample_bytree': 1, 'learning_rate': 0.03, 'max_depth': 12, 'min_child_samples': 30, 'n_estimators': 400, 'num_class': 4, 'num_leaves': 300, 'objective': 'multiclass', 'reg_alpha': 0.0, 'reg_lambda': 0.6000000000000001, 'subsample': 0.30000000000000004, 'verbose': 1, 'f1_score-mean': 0.9635799430554174, 'f1_score-stdv': 0.0036262469399259934}
{'boosting': 'gbdt', 'colsample_bytree': 1, 'learning_rate': 0.1, 'max_depth': 5, 'min_child_samples': 30, 'n_estimators': 200, 'num_class': 4, 'num_leaves': 200, 'objective': 'multiclass', 'reg_alpha': 0.7000000000000001, 'reg_lambda': 0.30000000000000004, 'subsample': 0.8, 'verbose': 1, 'f1_score-mean': 0.9585485460414155, 'f1_score-stdv': 0.004185336816446395}
{'boosting': 'gbdt', 'colsample_bytree': 1, 'learning_rate': 0.03, 'max_depth': 6, 'min_child_samples': 30, 'n_estimators': 600, 'num_class': 4, 'num_leaves': 900, 'objective': 'multiclass', 'reg_alpha': 0.30000000000000004, 'reg_lambda': 0.0, 'subsample': 0.8, 'verbose': 1, 'f1_score-mean': 0.9596149863084757, 'f1_score-stdv': 0.0037105047813656435}
{'boosting': 'gbdt', 'colsample_bytree': 1, 'learning_rate': 0.001, 'max_depth': 19, 'min_child_samples': 70, 'n_estimators': 500, 'num_class': 4, 'num_leaves': 400, 'objective': 'multiclass', 'reg_alpha': 0.9, 'reg_lambda': 0.4, 'subsample': 0.2, 'verbose': 1, 'f1_score-mean': 0.14816861796091485, 'f1_score-stdv': 4.107957944374971e-05}
{'boosting': 'gbdt', 'colsample_bytree': 1, 'learning_rate': 0.03, 'max_depth': 15, 'min_child_samples': 80, 'n_estimators': 400, 'num_class': 4, 'num_leaves': 600, 'objective': 'multiclass', 'reg_alpha': 0.1, 'reg_lambda': 0.5, 'subsample': 0.7000000000000001, 'verbose': 1, 'f1_score-mean': 0.9629021510768053, 'f1_score-stdv': 0.003586018016426158}
{'boosting': 'gbdt', 'colsample_bytree': 1, 'learning_rate': 0.03, 'max_depth': 19, 'min_child_samples': 30, 'n_estimators': 600, 'num_class': 4, 'num_leaves': 800, 'objective': 'multiclass', 'reg_alpha': 0.1, 'reg_lambda': 0.5, 'subsample': 0.8, 'verbose': 1, 'f1_score-mean': 0.9644853100872991, 'f1_score-stdv': 0.0037362380118814483}
{'boosting': 'gbdt', 'colsample_bytree': 1, 'learning_rate': 0.03, 'max_depth': 19, 'min_child_samples': 30, 'n_estimators': 600, 'num_class': 4, 'num_leaves': 800, 'objective': 'multiclass', 'reg_alpha': 0.1, 'reg_lambda': 0.5, 'subsample': 0.8, 'verbose': 1, 'f1_score-mean': 0.9644853100872991, 'f1_score-stdv': 0.0037362380118814483}
{'boosting': 'gbdt', 'colsample_bytree': 1, 'learning_rate': 0.03, 'max_depth': 19, 'min_child_samples': 30, 'n_estimators': 600, 'num_class': 4, 'num_leaves': 800, 'objective': 'multiclass', 'reg_alpha': 0.1, 'reg_lambda': 0.5, 'subsample': 0.8, 'verbose': 1, 'f1_score-mean': 0.9644853100872991, 'f1_score-stdv': 0.0037362380118814483}
{'boosting': 'gbdt', 'colsample_bytree': 1, 'learning_rate': 0.03, 'max_depth': 19, 'min_child_samples': 30, 'n_estimators': 600, 'num_class': 4, 'num_leaves': 800, 'objective': 'multiclass', 'reg_alpha': 0.1, 'reg_lambda': 0.5, 'subsample': 0.8, 'verbose': 1, 'f1_score-mean': 0.9644853100872991, 'f1_score-stdv': 0.0037362380118814483}
{'boosting': 'gbdt', 'colsample_bytree': 1, 'learning_rate': 0.03, 'max_depth': 16, 'min_child_samples': 30, 'n_estimators': 600, 'num_class': 4, 'num_leaves': 800, 'objective': 'multiclass', 'reg_alpha': 0.1, 'reg_lambda': 0.5, 'subsample': 0.8, 'verbose': 1, 'f1_score-mean': 0.964542107195148, 'f1_score-stdv': 0.0035619340089649313}
{'boosting': 'gbdt', 'colsample_bytree': 1, 'learning_rate': 0.03, 'max_depth': 16, 'min_child_samples': 60, 'n_estimators': 600, 'num_class': 4, 'num_leaves': 800, 'objective': 'multiclass', 'reg_alpha': 0.2, 'reg_lambda': 0.7000000000000001, 'subsample': 0.8, 'verbose': 1, 'f1_score-mean': 0.9633240175064686, 'f1_score-stdv': 0.0033603131171184948}
{'boosting': 'gbdt', 'colsample_bytree': 1, 'learning_rate': 0.03, 'max_depth': 8, 'min_child_samples': 40, 'n_estimators': 600, 'num_class': 4, 'num_leaves': 500, 'objective': 'multiclass', 'reg_alpha': 0.1, 'reg_lambda': 0.9, 'subsample': 0.9, 'verbose': 1, 'f1_score-mean': 0.9624251343614197, 'f1_score-stdv': 0.004036704642966995}
{'boosting': 'gbdt', 'colsample_bytree': 1, 'learning_rate': 0.03, 'max_depth': 16, 'min_child_samples': 100, 'n_estimators': 700, 'num_class': 4, 'num_leaves': 1000, 'objective': 'multiclass', 'reg_alpha': 0.2, 'reg_lambda': 0.5, 'subsample': 0.6, 'verbose': 1, 'f1_score-mean': 0.9627841493501412, 'f1_score-stdv': 0.003335664938361852}
{'boosting': 'gbdt', 'colsample_bytree': 1, 'learning_rate': 0.03, 'max_depth': 16, 'min_child_samples': 30, 'n_estimators': 600, 'num_class': 4, 'num_leaves': 800, 'objective': 'multiclass', 'reg_alpha': 0.4, 'reg_lambda': 0.7000000000000001, 'subsample': 0.5, 'verbose': 1, 'f1_score-mean': 0.9645699405221757, 'f1_score-stdv': 0.003143276573430602}
{'boosting': 'gbdt', 'colsample_bytree': 1, 'learning_rate': 0.03, 'max_depth': 16, 'min_child_samples': 50, 'n_estimators': 600, 'num_class': 4, 'num_leaves': 800, 'objective': 'multiclass', 'reg_alpha': 0.4, 'reg_lambda': 0.7000000000000001, 'subsample': 0.5, 'verbose': 1, 'f1_score-mean': 0.9616556472636548, 'f1_score-stdv': 0.004032970684712643}
{'boosting': 'gbdt', 'colsample_bytree': 1, 'learning_rate': 0.03, 'max_depth': 16, 'min_child_samples': 30, 'n_estimators': 200, 'num_class': 4, 'num_leaves': 700, 'objective': 'multiclass', 'reg_alpha': 0.4, 'reg_lambda': 0.7000000000000001, 'subsample': 0.5, 'verbose': 1, 'f1_score-mean': 0.9630306261099371, 'f1_score-stdv': 0.0033977376513365924}
{'boosting': 'gbdt', 'colsample_bytree': 1, 'learning_rate': 0.1, 'max_depth': 16, 'min_child_samples': 90, 'n_estimators': 300, 'num_class': 4, 'num_leaves': 100, 'objective': 'multiclass', 'reg_alpha': 0.4, 'reg_lambda': 0.7000000000000001, 'subsample': 0.5, 'verbose': 1, 'f1_score-mean': 0.9626225190591191, 'f1_score-stdv': 0.004064562841679073}
{'boosting': 'gbdt', 'colsample_bytree': 1, 'learning_rate': 0.03, 'max_depth': 16, 'min_child_samples': 20, 'n_estimators': 400, 'num_class': 4, 'num_leaves': 800, 'objective': 'multiclass', 'reg_alpha': 0.4, 'reg_lambda': 0.7000000000000001, 'subsample': 0.5, 'verbose': 1, 'f1_score-mean': 0.9637900267567755, 'f1_score-stdv': 0.0030394887241063954}
{'boosting': 'gbdt', 'colsample_bytree': 1, 'learning_rate': 0.001, 'max_depth': 16, 'min_child_samples': 30, 'n_estimators': 600, 'num_class': 4, 'num_leaves': 300, 'objective': 'multiclass', 'reg_alpha': 0.4, 'reg_lambda': 0.7000000000000001, 'subsample': 0.5, 'verbose': 1, 'f1_score-mean': 0.14816861796091485, 'f1_score-stdv': 4.107957944374971e-05}
{'boosting': 'gbdt', 'colsample_bytree': 1, 'learning_rate': 0.03, 'max_depth': 9, 'min_child_samples': 30, 'n_estimators': 500, 'num_class': 4, 'num_leaves': 200, 'objective': 'multiclass', 'reg_alpha': 0.8, 'reg_lambda': 0.8, 'subsample': 0.1, 'verbose': 1, 'f1_score-mean': 0.9627303367042191, 'f1_score-stdv': 0.0036540914669273587}
{'boosting': 'gbdt', 'colsample_bytree': 1, 'learning_rate': 0.03, 'max_depth': 13, 'min_child_samples': 80, 'n_estimators': 400, 'num_class': 4, 'num_leaves': 900, 'objective': 'multiclass', 'reg_alpha': 0.30000000000000004, 'reg_lambda': 0.1, 'subsample': 0.4, 'verbose': 1, 'f1_score-mean': 0.9632080114303413, 'f1_score-stdv': 0.0028293374926428795}
{'boosting': 'gbdt', 'colsample_bytree': 1, 'learning_rate': 0.1, 'max_depth': 11, 'min_child_samples': 70, 'n_estimators': 700, 'num_class': 4, 'num_leaves': 600, 'objective': 'multiclass', 'reg_alpha': 0.6000000000000001, 'reg_lambda': 0.2, 'subsample': 0.5, 'verbose': 1, 'f1_score-mean': 0.9631373600821622, 'f1_score-stdv': 0.0035502120354269752}
{'boosting': 'gbdt', 'colsample_bytree': 1, 'learning_rate': 0.03, 'max_depth': 7, 'min_child_samples': 60, 'n_estimators': 600, 'num_class': 4, 'num_leaves': 1000, 'objective': 'multiclass', 'reg_alpha': 0.0, 'reg_lambda': 0.6000000000000001, 'subsample': 0.30000000000000004, 'verbose': 1, 'f1_score-mean': 0.9583949642308042, 'f1_score-stdv': 0.0035575024140278738}
{'boosting': 'gbdt', 'colsample_bytree': 1, 'learning_rate': 0.03, 'max_depth': 14, 'min_child_samples': 50, 'n_estimators': 200, 'num_class': 4, 'num_leaves': 400, 'objective': 'multiclass', 'reg_alpha': 0.5, 'reg_lambda': 0.30000000000000004, 'subsample': 0.2, 'verbose': 1, 'f1_score-mean': 0.9610721253223653, 'f1_score-stdv': 0.0036659469353901753}
{'boosting': 'gbdt', 'colsample_bytree': 1, 'learning_rate': 0.001, 'max_depth': 10, 'min_child_samples': 100, 'n_estimators': 400, 'num_class': 4, 'num_leaves': 800, 'objective': 'multiclass', 'reg_alpha': 0.7000000000000001, 'reg_lambda': 0.4, 'subsample': 0.7000000000000001, 'verbose': 1, 'f1_score-mean': 0.14816861796091485, 'f1_score-stdv': 4.107957944374971e-05}
{'boosting': 'gbdt', 'colsample_bytree': 1, 'learning_rate': 0.03, 'max_depth': 18, 'min_child_samples': 30, 'n_estimators': 300, 'num_class': 4, 'num_leaves': 500, 'objective': 'multiclass', 'reg_alpha': 0.9, 'reg_lambda': 0.7000000000000001, 'subsample': 0.9, 'verbose': 1, 'f1_score-mean': 0.9643057144122252, 'f1_score-stdv': 0.003690323763321751}
{'boosting': 'gbdt', 'colsample_bytree': 1, 'learning_rate': 0.03, 'max_depth': 16, 'min_child_samples': 40, 'n_estimators': 600, 'num_class': 4, 'num_leaves': 800, 'objective': 'multiclass', 'reg_alpha': 0.4, 'reg_lambda': 0.0, 'subsample': 0.6, 'verbose': 1, 'f1_score-mean': 0.9640727342866159, 'f1_score-stdv': 0.0032500060410132823}
{'boosting': 'gbdt', 'colsample_bytree': 1, 'learning_rate': 0.1, 'max_depth': 17, 'min_child_samples': 90, 'n_estimators': 500, 'num_class': 4, 'num_leaves': 700, 'objective': 'multiclass', 'reg_alpha': 0.2, 'reg_lambda': 0.9, 'subsample': 0.1, 'verbose': 1, 'f1_score-mean': 0.9637698278633827, 'f1_score-stdv': 0.003351888609360088}
{'boosting': 'gbdt', 'colsample_bytree': 1, 'learning_rate': 0.03, 'max_depth': 6, 'min_child_samples': 30, 'n_estimators': 600, 'num_class': 4, 'num_leaves': 800, 'objective': 'multiclass', 'reg_alpha': 0.4, 'reg_lambda': 0.7000000000000001, 'subsample': 0.5, 'verbose': 1, 'f1_score-mean': 0.9599601710179867, 'f1_score-stdv': 0.004344878935030469}
{'boosting': 'gbdt', 'colsample_bytree': 1, 'learning_rate': 0.001, 'max_depth': 12, 'min_child_samples': 20, 'n_estimators': 400, 'num_class': 4, 'num_leaves': 100, 'objective': 'multiclass', 'reg_alpha': 0.2, 'reg_lambda': 0.1, 'subsample': 0.4, 'verbose': 1, 'f1_score-mean': 0.14816861796091485, 'f1_score-stdv': 4.107957944374971e-05}
{'boosting': 'gbdt', 'colsample_bytree': 1, 'learning_rate': 0.03, 'max_depth': 5, 'min_child_samples': 30, 'n_estimators': 700, 'num_class': 4, 'num_leaves': 800, 'objective': 'multiclass', 'reg_alpha': 0.8, 'reg_lambda': 0.8, 'subsample': 0.30000000000000004, 'verbose': 1, 'f1_score-mean': 0.9587488713731602, 'f1_score-stdv': 0.0037998734595160745}
{'boosting': 'gbdt', 'colsample_bytree': 1, 'learning_rate': 0.03, 'max_depth': 15, 'min_child_samples': 30, 'n_estimators': 600, 'num_class': 4, 'num_leaves': 200, 'objective': 'multiclass', 'reg_alpha': 0.0, 'reg_lambda': 0.2, 'subsample': 0.5, 'verbose': 1, 'f1_score-mean': 0.9648291118427668, 'f1_score-stdv': 0.00380783259639797}
{'boosting': 'gbdt', 'colsample_bytree': 1, 'learning_rate': 0.03, 'max_depth': 15, 'min_child_samples': 80, 'n_estimators': 600, 'num_class': 4, 'num_leaves': 200, 'objective': 'multiclass', 'reg_alpha': 0.0, 'reg_lambda': 0.2, 'subsample': 0.5, 'verbose': 1, 'f1_score-mean': 0.9627136247380287, 'f1_score-stdv': 0.0033587280121295396}
{'boosting': 'gbdt', 'colsample_bytree': 1, 'learning_rate': 0.1, 'max_depth': 15, 'min_child_samples': 70, 'n_estimators': 600, 'num_class': 4, 'num_leaves': 200, 'objective': 'multiclass', 'reg_alpha': 0.0, 'reg_lambda': 0.2, 'subsample': 0.5, 'verbose': 1, 'f1_score-mean': 0.9634794299062592, 'f1_score-stdv': 0.0035784888557604767}
{'boosting': 'gbdt', 'colsample_bytree': 1, 'learning_rate': 0.03, 'max_depth': 15, 'min_child_samples': 60, 'n_estimators': 600, 'num_class': 4, 'num_leaves': 200, 'objective': 'multiclass', 'reg_alpha': 0.0, 'reg_lambda': 0.2, 'subsample': 0.5, 'verbose': 1, 'f1_score-mean': 0.9625188942353852, 'f1_score-stdv': 0.0038823996798374176}
{'boosting': 'gbdt', 'colsample_bytree': 1, 'learning_rate': 0.03, 'max_depth': 15, 'min_child_samples': 30, 'n_estimators': 600, 'num_class': 4, 'num_leaves': 200, 'objective': 'multiclass', 'reg_alpha': 0.0, 'reg_lambda': 0.2, 'subsample': 0.5, 'verbose': 1, 'f1_score-mean': 0.9648291118427668, 'f1_score-stdv': 0.00380783259639797}
{'boosting': 'gbdt', 'colsample_bytree': 1, 'learning_rate': 0.001, 'max_depth': 15, 'min_child_samples': 100, 'n_estimators': 600, 'num_class': 4, 'num_leaves': 200, 'objective': 'multiclass', 'reg_alpha': 0.0, 'reg_lambda': 0.2, 'subsample': 0.5, 'verbose': 1, 'f1_score-mean': 0.14816861796091485, 'f1_score-stdv': 4.107957944374971e-05}
{'boosting': 'gbdt', 'colsample_bytree': 1, 'learning_rate': 0.03, 'max_depth': 15, 'min_child_samples': 50, 'n_estimators': 600, 'num_class': 4, 'num_leaves': 200, 'objective': 'multiclass', 'reg_alpha': 0.0, 'reg_lambda': 0.2, 'subsample': 0.5, 'verbose': 1, 'f1_score-mean': 0.9606369755518328, 'f1_score-stdv': 0.0035364531055041308}
{'boosting': 'gbdt', 'colsample_bytree': 1, 'learning_rate': 0.03, 'max_depth': 15, 'min_child_samples': 40, 'n_estimators': 600, 'num_class': 4, 'num_leaves': 200, 'objective': 'multiclass', 'reg_alpha': 0.0, 'reg_lambda': 0.2, 'subsample': 0.5, 'verbose': 1, 'f1_score-mean': 0.9636171472567833, 'f1_score-stdv': 0.0038247732175849918}
{'boosting': 'gbdt', 'colsample_bytree': 1, 'learning_rate': 0.1, 'max_depth': 15, 'min_child_samples': 30, 'n_estimators': 300, 'num_class': 4, 'num_leaves': 200, 'objective': 'multiclass', 'reg_alpha': 0.0, 'reg_lambda': 0.2, 'subsample': 0.5, 'verbose': 1, 'f1_score-mean': 0.9639809320991622, 'f1_score-stdv': 0.002337574402060296}
{'boosting': 'gbdt', 'colsample_bytree': 1, 'learning_rate': 0.03, 'max_depth': 8, 'min_child_samples': 90, 'n_estimators': 200, 'num_class': 4, 'num_leaves': 200, 'objective': 'multiclass', 'reg_alpha': 0.0, 'reg_lambda': 0.2, 'subsample': 0.5, 'verbose': 1, 'f1_score-mean': 0.9515832532495988, 'f1_score-stdv': 0.0029788224865068863}
{'boosting': 'gbdt', 'colsample_bytree': 1, 'learning_rate': 0.03, 'max_depth': 13, 'min_child_samples': 20, 'n_estimators': 600, 'num_class': 4, 'num_leaves': 200, 'objective': 'multiclass', 'reg_alpha': 0.0, 'reg_lambda': 0.2, 'subsample': 0.5, 'verbose': 1, 'f1_score-mean': 0.9624282928121485, 'f1_score-stdv': 0.0032397995644070777}
{'boosting': 'gbdt', 'colsample_bytree': 1, 'learning_rate': 0.001, 'max_depth': 9, 'min_child_samples': 30, 'n_estimators': 600, 'num_class': 4, 'num_leaves': 200, 'objective': 'multiclass', 'reg_alpha': 0.5, 'reg_lambda': 0.6000000000000001, 'subsample': 0.5, 'verbose': 1, 'f1_score-mean': 0.14816861796091485, 'f1_score-stdv': 4.107957944374971e-05}
{'boosting': 'gbdt', 'colsample_bytree': 1, 'learning_rate': 0.03, 'max_depth': 15, 'min_child_samples': 30, 'n_estimators': 500, 'num_class': 4, 'num_leaves': 300, 'objective': 'multiclass', 'reg_alpha': 0.30000000000000004, 'reg_lambda': 0.2, 'subsample': 0.2, 'verbose': 1, 'f1_score-mean': 0.9636837561929227, 'f1_score-stdv': 0.003481273575322699}
{'boosting': 'gbdt', 'colsample_bytree': 1, 'learning_rate': 0.03, 'max_depth': 11, 'min_child_samples': 70, 'n_estimators': 600, 'num_class': 4, 'num_leaves': 900, 'objective': 'multiclass', 'reg_alpha': 0.6000000000000001, 'reg_lambda': 0.30000000000000004, 'subsample': 0.7000000000000001, 'verbose': 1, 'f1_score-mean': 0.9630854103539933, 'f1_score-stdv': 0.0036287793683184673}
{'boosting': 'gbdt', 'colsample_bytree': 1, 'learning_rate': 0.1, 'max_depth': 7, 'min_child_samples': 80, 'n_estimators': 700, 'num_class': 4, 'num_leaves': 600, 'objective': 'multiclass', 'reg_alpha': 0.7000000000000001, 'reg_lambda': 0.4, 'subsample': 0.9, 'verbose': 1, 'f1_score-mean': 0.9623814240281549, 'f1_score-stdv': 0.0038945633054045326}
{'boosting': 'gbdt', 'colsample_bytree': 1, 'learning_rate': 0.03, 'max_depth': 14, 'min_child_samples': 30, 'n_estimators': 600, 'num_class': 4, 'num_leaves': 400, 'objective': 'multiclass', 'reg_alpha': 0.0, 'reg_lambda': 0.0, 'subsample': 0.5, 'verbose': 1, 'f1_score-mean': 0.9631750306137403, 'f1_score-stdv': 0.0028561362715504076}
{'boosting': 'gbdt', 'colsample_bytree': 1, 'learning_rate': 0.03, 'max_depth': 18, 'min_child_samples': 100, 'n_estimators': 300, 'num_class': 4, 'num_leaves': 1000, 'objective': 'multiclass', 'reg_alpha': 0.9, 'reg_lambda': 0.9, 'subsample': 0.6, 'verbose': 1, 'f1_score-mean': 0.9616681609990971, 'f1_score-stdv': 0.0032623311597097834}
{'boosting': 'gbdt', 'colsample_bytree': 1, 'learning_rate': 0.001, 'max_depth': 15, 'min_child_samples': 60, 'n_estimators': 200, 'num_class': 4, 'num_leaves': 500, 'objective': 'multiclass', 'reg_alpha': 0.0, 'reg_lambda': 0.2, 'subsample': 0.1, 'verbose': 1, 'f1_score-mean': 0.14816861796091485, 'f1_score-stdv': 4.107957944374971e-05}
{'boosting': 'gbdt', 'colsample_bytree': 1, 'learning_rate': 0.03, 'max_depth': 17, 'min_child_samples': 50, 'n_estimators': 600, 'num_class': 4, 'num_leaves': 200, 'objective': 'multiclass', 'reg_alpha': 0.4, 'reg_lambda': 0.2, 'subsample': 0.5, 'verbose': 1, 'f1_score-mean': 0.9635921217946761, 'f1_score-stdv': 0.003040484404778655}
{'boosting': 'gbdt', 'colsample_bytree': 1, 'learning_rate': 0.03, 'max_depth': 10, 'min_child_samples': 30, 'n_estimators': 600, 'num_class': 4, 'num_leaves': 700, 'objective': 'multiclass', 'reg_alpha': 0.8, 'reg_lambda': 0.8, 'subsample': 0.4, 'verbose': 1, 'f1_score-mean': 0.9637928916799119, 'f1_score-stdv': 0.003859572196305292}
{'boosting': 'gbdt', 'colsample_bytree': 1, 'learning_rate': 0.03, 'max_depth': 12, 'min_child_samples': 40, 'n_estimators': 500, 'num_class': 4, 'num_leaves': 100, 'objective': 'multiclass', 'reg_alpha': 0.0, 'reg_lambda': 0.1, 'subsample': 0.30000000000000004, 'verbose': 1, 'f1_score-mean': 0.9626151125288391, 'f1_score-stdv': 0.003289428656082461}
{'boosting': 'gbdt', 'colsample_bytree': 1, 'learning_rate': 0.1, 'max_depth': 6, 'min_child_samples': 30, 'n_estimators': 600, 'num_class': 4, 'num_leaves': 200, 'objective': 'multiclass', 'reg_alpha': 0.30000000000000004, 'reg_lambda': 0.6000000000000001, 'subsample': 0.5, 'verbose': 1, 'f1_score-mean': 0.9620996837597907, 'f1_score-stdv': 0.0036410106580557953}
{'boosting': 'gbdt', 'colsample_bytree': 1, 'learning_rate': 0.03, 'max_depth': 5, 'min_child_samples': 90, 'n_estimators': 700, 'num_class': 4, 'num_leaves': 300, 'objective': 'multiclass', 'reg_alpha': 0.4, 'reg_lambda': 0.4, 'subsample': 0.2, 'verbose': 1, 'f1_score-mean': 0.9561857659955553, 'f1_score-stdv': 0.0033493701889999203}
{'boosting': 'gbdt', 'colsample_bytree': 1, 'learning_rate': 0.001, 'max_depth': 15, 'min_child_samples': 20, 'n_estimators': 600, 'num_class': 4, 'num_leaves': 900, 'objective': 'multiclass', 'reg_alpha': 0.6000000000000001, 'reg_lambda': 0.30000000000000004, 'subsample': 0.5, 'verbose': 1, 'f1_score-mean': 0.14816861796091485, 'f1_score-stdv': 4.107957944374971e-05}
{'boosting': 'gbdt', 'colsample_bytree': 1, 'learning_rate': 0.03, 'max_depth': 8, 'min_child_samples': 30, 'n_estimators': 200, 'num_class': 4, 'num_leaves': 600, 'objective': 'multiclass', 'reg_alpha': 0.5, 'reg_lambda': 0.0, 'subsample': 0.7000000000000001, 'verbose': 1, 'f1_score-mean': 0.9536210920067487, 'f1_score-stdv': 0.0033126933318725084}
{'boosting': 'gbdt', 'colsample_bytree': 1, 'learning_rate': 0.03, 'max_depth': 9, 'min_child_samples': 30, 'n_estimators': 300, 'num_class': 4, 'num_leaves': 400, 'objective': 'multiclass', 'reg_alpha': 0.9, 'reg_lambda': 0.2, 'subsample': 0.9, 'verbose': 1, 'f1_score-mean': 0.9606354458019208, 'f1_score-stdv': 0.0031154813816334304}
{'boosting': 'gbdt', 'colsample_bytree': 1, 'learning_rate': 0.03, 'max_depth': 13, 'min_child_samples': 80, 'n_estimators': 600, 'num_class': 4, 'num_leaves': 1000, 'objective': 'multiclass', 'reg_alpha': 0.7000000000000001, 'reg_lambda': 0.9, 'subsample': 0.6, 'verbose': 1, 'f1_score-mean': 0.9635962865826121, 'f1_score-stdv': 0.0029102369392064544}
{'boosting': 'gbdt', 'colsample_bytree': 1, 'learning_rate': 0.1, 'max_depth': 11, 'min_child_samples': 70, 'n_estimators': 600, 'num_class': 4, 'num_leaves': 500, 'objective': 'multiclass', 'reg_alpha': 0.0, 'reg_lambda': 0.2, 'subsample': 0.5, 'verbose': 1, 'f1_score-mean': 0.9635580598208279, 'f1_score-stdv': 0.004007460723269808}
{'boosting': 'gbdt', 'colsample_bytree': 1, 'learning_rate': 0.03, 'max_depth': 7, 'min_child_samples': 60, 'n_estimators': 500, 'num_class': 4, 'num_leaves': 200, 'objective': 'multiclass', 'reg_alpha': 0.4, 'reg_lambda': 0.1, 'subsample': 0.1, 'verbose': 1, 'f1_score-mean': 0.9606016380726071, 'f1_score-stdv': 0.0033899562558360576}
{'boosting': 'gbdt', 'colsample_bytree': 1, 'learning_rate': 0.001, 'max_depth': 14, 'min_child_samples': 30, 'n_estimators': 600, 'num_class': 4, 'num_leaves': 700, 'objective': 'multiclass', 'reg_alpha': 0.0, 'reg_lambda': 0.8, 'subsample': 0.4, 'verbose': 1, 'f1_score-mean': 0.14816861796091485, 'f1_score-stdv': 4.107957944374971e-05}
{'boosting': 'gbdt', 'colsample_bytree': 1, 'learning_rate': 0.03, 'max_depth': 18, 'min_child_samples': 50, 'n_estimators': 700, 'num_class': 4, 'num_leaves': 200, 'objective': 'multiclass', 'reg_alpha': 0.8, 'reg_lambda': 0.7000000000000001, 'subsample': 0.30000000000000004, 'verbose': 1, 'f1_score-mean': 0.9636011393640391, 'f1_score-stdv': 0.003113098590195584}
{'boosting': 'gbdt', 'colsample_bytree': 1, 'learning_rate': 0.03, 'max_depth': 15, 'min_child_samples': 100, 'n_estimators': 600, 'num_class': 4, 'num_leaves': 100, 'objective': 'multiclass', 'reg_alpha': 0.4, 'reg_lambda': 0.6000000000000001, 'subsample': 0.5, 'verbose': 1, 'f1_score-mean': 0.9626862801550098, 'f1_score-stdv': 0.002989798204515139}
{'boosting': 'gbdt', 'colsample_bytree': 1, 'learning_rate': 0.03, 'max_depth': 10, 'min_child_samples': 40, 'n_estimators': 200, 'num_class': 4, 'num_leaves': 300, 'objective': 'multiclass', 'reg_alpha': 0.6000000000000001, 'reg_lambda': 0.2, 'subsample': 0.5, 'verbose': 1, 'f1_score-mean': 0.9579635935840264, 'f1_score-stdv': 0.003762509420225269}
{'boosting': 'gbdt', 'colsample_bytree': 1, 'learning_rate': 0.1, 'max_depth': 17, 'min_child_samples': 30, 'n_estimators': 300, 'num_class': 4, 'num_leaves': 900, 'objective': 'multiclass', 'reg_alpha': 0.30000000000000004, 'reg_lambda': 0.0, 'subsample': 0.9, 'verbose': 1, 'f1_score-mean': 0.9640144277890237, 'f1_score-stdv': 0.002794086479640151}
{'boosting': 'gbdt', 'colsample_bytree': 1, 'learning_rate': 0.03, 'max_depth': 12, 'min_child_samples': 90, 'n_estimators': 600, 'num_class': 4, 'num_leaves': 600, 'objective': 'multiclass', 'reg_alpha': 0.5, 'reg_lambda': 0.30000000000000004, 'subsample': 0.2, 'verbose': 1, 'f1_score-mean': 0.9629490983911154, 'f1_score-stdv': 0.0034712714511659325}
{'boosting': 'gbdt', 'colsample_bytree': 1, 'learning_rate': 0.03, 'max_depth': 6, 'min_child_samples': 20, 'n_estimators': 500, 'num_class': 4, 'num_leaves': 200, 'objective': 'multiclass', 'reg_alpha': 0.7000000000000001, 'reg_lambda': 0.4, 'subsample': 0.7000000000000001, 'verbose': 1, 'f1_score-mean': 0.9596201327674212, 'f1_score-stdv': 0.003359562917399751}
{'boosting': 'gbdt', 'colsample_bytree': 1, 'learning_rate': 0.001, 'max_depth': 15, 'min_child_samples': 30, 'n_estimators': 600, 'num_class': 4, 'num_leaves': 1000, 'objective': 'multiclass', 'reg_alpha': 0.0, 'reg_lambda': 0.7000000000000001, 'subsample': 0.5, 'verbose': 1, 'f1_score-mean': 0.14816861796091485, 'f1_score-stdv': 4.107957944374971e-05}
{'boosting': 'gbdt', 'colsample_bytree': 1, 'learning_rate': 0.03, 'max_depth': 16, 'min_child_samples': 30, 'n_estimators': 600, 'num_class': 4, 'num_leaves': 400, 'objective': 'multiclass', 'reg_alpha': 0.9, 'reg_lambda': 0.2, 'subsample': 0.6, 'verbose': 1, 'f1_score-mean': 0.96393343022077, 'f1_score-stdv': 0.0035498395888002633}
{'boosting': 'gbdt', 'colsample_bytree': 1, 'learning_rate': 0.03, 'max_depth': 5, 'min_child_samples': 80, 'n_estimators': 700, 'num_class': 4, 'num_leaves': 500, 'objective': 'multiclass', 'reg_alpha': 0.4, 'reg_lambda': 0.9, 'subsample': 0.1, 'verbose': 1, 'f1_score-mean': 0.9579311365517398, 'f1_score-stdv': 0.0031311383159101196}
{'boosting': 'gbdt', 'colsample_bytree': 1, 'learning_rate': 0.1, 'max_depth': 15, 'min_child_samples': 70, 'n_estimators': 600, 'num_class': 4, 'num_leaves': 200, 'objective': 'multiclass', 'reg_alpha': 0.0, 'reg_lambda': 0.7000000000000001, 'subsample': 0.5, 'verbose': 1, 'f1_score-mean': 0.9633056890940296, 'f1_score-stdv': 0.003446767246344967}
{'boosting': 'gbdt', 'colsample_bytree': 1, 'learning_rate': 0.03, 'max_depth': 8, 'min_child_samples': 60, 'n_estimators': 300, 'num_class': 4, 'num_leaves': 700, 'objective': 'multiclass', 'reg_alpha': 0.0, 'reg_lambda': 0.2, 'subsample': 0.4, 'verbose': 1, 'f1_score-mean': 0.9576731576505491, 'f1_score-stdv': 0.0038728460968186335}
{'boosting': 'gbdt', 'colsample_bytree': 1, 'learning_rate': 0.03, 'max_depth': 11, 'min_child_samples': 30, 'n_estimators': 200, 'num_class': 4, 'num_leaves': 200, 'objective': 'multiclass', 'reg_alpha': 0.8, 'reg_lambda': 0.8, 'subsample': 0.30000000000000004, 'verbose': 1, 'f1_score-mean': 0.9594778037434935, 'f1_score-stdv': 0.0031826862211657846}
{'boosting': 'gbdt', 'colsample_bytree': 1, 'learning_rate': 0.001, 'max_depth': 13, 'min_child_samples': 100, 'n_estimators': 600, 'num_class': 4, 'num_leaves': 100, 'objective': 'multiclass', 'reg_alpha': 0.4, 'reg_lambda': 0.1, 'subsample': 0.5, 'verbose': 1, 'f1_score-mean': 0.14816861796091485, 'f1_score-stdv': 4.107957944374971e-05}
{'boosting': 'gbdt', 'colsample_bytree': 1, 'learning_rate': 0.03, 'max_depth': 16, 'min_child_samples': 50, 'n_estimators': 500, 'num_class': 4, 'num_leaves': 300, 'objective': 'multiclass', 'reg_alpha': 0.30000000000000004, 'reg_lambda': 0.6000000000000001, 'subsample': 0.5, 'verbose': 1, 'f1_score-mean': 0.9634331828322106, 'f1_score-stdv': 0.0032875123048155598}
{'boosting': 'gbdt', 'colsample_bytree': 1, 'learning_rate': 0.03, 'max_depth': 9, 'min_child_samples': 40, 'n_estimators': 600, 'num_class': 4, 'num_leaves': 200, 'objective': 'multiclass', 'reg_alpha': 0.6000000000000001, 'reg_lambda': 0.2, 'subsample': 0.2, 'verbose': 1, 'f1_score-mean': 0.9634924721078688, 'f1_score-stdv': 0.0036908443806806523}
{'boosting': 'gbdt', 'colsample_bytree': 1, 'learning_rate': 0.1, 'max_depth': 7, 'min_child_samples': 30, 'n_estimators': 600, 'num_class': 4, 'num_leaves': 900, 'objective': 'multiclass', 'reg_alpha': 0.5, 'reg_lambda': 0.30000000000000004, 'subsample': 0.7000000000000001, 'verbose': 1, 'f1_score-mean': 0.9625280889791972, 'f1_score-stdv': 0.004255539130672133}
{'boosting': 'gbdt', 'colsample_bytree': 1, 'learning_rate': 0.03, 'max_depth': 18, 'min_child_samples': 90, 'n_estimators': 700, 'num_class': 4, 'num_leaves': 600, 'objective': 'multiclass', 'reg_alpha': 0.0, 'reg_lambda': 0.7000000000000001, 'subsample': 0.5, 'verbose': 1, 'f1_score-mean': 0.9634647191555283, 'f1_score-stdv': 0.0035555055042788743}
{'boosting': 'gbdt', 'colsample_bytree': 1, 'learning_rate': 0.03, 'max_depth': 14, 'min_child_samples': 20, 'n_estimators': 400, 'num_class': 4, 'num_leaves': 1000, 'objective': 'multiclass', 'reg_alpha': 0.7000000000000001, 'reg_lambda': 0.4, 'subsample': 0.9, 'verbose': 1, 'f1_score-mean': 0.9640199254909987, 'f1_score-stdv': 0.0034026487989870327}
{'boosting': 'gbdt', 'colsample_bytree': 1, 'learning_rate': 0.001, 'max_depth': 15, 'min_child_samples': 30, 'n_estimators': 600, 'num_class': 4, 'num_leaves': 400, 'objective': 'multiclass', 'reg_alpha': 0.9, 'reg_lambda': 0.0, 'subsample': 0.6, 'verbose': 1, 'f1_score-mean': 0.14816861796091485, 'f1_score-stdv': 4.107957944374971e-05}
{'boosting': 'gbdt', 'colsample_bytree': 1, 'learning_rate': 0.03, 'max_depth': 10, 'min_child_samples': 30, 'n_estimators': 300, 'num_class': 4, 'num_leaves': 500, 'objective': 'multiclass', 'reg_alpha': 0.4, 'reg_lambda': 0.2, 'subsample': 0.5, 'verbose': 1, 'f1_score-mean': 0.9620382268077554, 'f1_score-stdv': 0.0033706482049518233}
{'boosting': 'gbdt', 'colsample_bytree': 1, 'learning_rate': 0.03, 'max_depth': 17, 'min_child_samples': 70, 'n_estimators': 200, 'num_class': 4, 'num_leaves': 200, 'objective': 'multiclass', 'reg_alpha': 0.0, 'reg_lambda': 0.9, 'subsample': 0.1, 'verbose': 1, 'f1_score-mean': 0.9599127954569289, 'f1_score-stdv': 0.003656872044744768}
{'boosting': 'gbdt', 'colsample_bytree': 1, 'learning_rate': 0.1, 'max_depth': 15, 'min_child_samples': 80, 'n_estimators': 600, 'num_class': 4, 'num_leaves': 700, 'objective': 'multiclass', 'reg_alpha': 0.0, 'reg_lambda': 0.7000000000000001, 'subsample': 0.4, 'verbose': 1, 'f1_score-mean': 0.9630556265062407, 'f1_score-stdv': 0.003354509208731933}
{'boosting': 'gbdt', 'colsample_bytree': 1, 'learning_rate': 0.03, 'max_depth': 16, 'min_child_samples': 60, 'n_estimators': 600, 'num_class': 4, 'num_leaves': 200, 'objective': 'multiclass', 'reg_alpha': 0.2, 'reg_lambda': 0.2, 'subsample': 0.5, 'verbose': 1, 'f1_score-mean': 0.9633471266721989, 'f1_score-stdv': 0.0036817940712035825}
{'boosting': 'gbdt', 'colsample_bytree': 1, 'learning_rate': 0.03, 'max_depth': 6, 'min_child_samples': 30, 'n_estimators': 500, 'num_class': 4, 'num_leaves': 100, 'objective': 'multiclass', 'reg_alpha': 0.8, 'reg_lambda': 0.8, 'subsample': 0.30000000000000004, 'verbose': 1, 'f1_score-mean': 0.959359307364722, 'f1_score-stdv': 0.003338117972607982}
{'boosting': 'gbdt', 'colsample_bytree': 1, 'learning_rate': 0.03, 'max_depth': 16, 'min_child_samples': 30, 'n_estimators': 600, 'num_class': 4, 'num_leaves': 800, 'objective': 'multiclass', 'reg_alpha': 0.1, 'reg_lambda': 0.5, 'subsample': 0.8, 'verbose': 1, 'f1_score-mean': 0.964542107195148, 'f1_score-stdv': 0.0035619340089649313}
{'boosting': 'gbdt', 'colsample_bytree': 1, 'learning_rate': 0.03, 'max_depth': 16, 'min_child_samples': 30, 'n_estimators': 600, 'num_class': 4, 'num_leaves': 800, 'objective': 'multiclass', 'reg_alpha': 0.1, 'reg_lambda': 0.5, 'subsample': 0.8, 'verbose': 1, 'f1_score-mean': 0.964542107195148, 'f1_score-stdv': 0.0035619340089649313}
{'boosting': 'gbdt', 'colsample_bytree': 1, 'learning_rate': 0.03, 'max_depth': 16, 'min_child_samples': 30, 'n_estimators': 600, 'num_class': 4, 'num_leaves': 800, 'objective': 'multiclass', 'reg_alpha': 0.1, 'reg_lambda': 0.5, 'subsample': 0.8, 'verbose': 1, 'f1_score-mean': 0.964542107195148, 'f1_score-stdv': 0.0035619340089649313}
{'boosting': 'gbdt', 'colsample_bytree': 1, 'learning_rate': 0.03, 'max_depth': 16, 'min_child_samples': 30, 'n_estimators': 600, 'num_class': 4, 'num_leaves': 800, 'objective': 'multiclass', 'reg_alpha': 0.1, 'reg_lambda': 0.5, 'subsample': 0.8, 'verbose': 1, 'f1_score-mean': 0.964542107195148, 'f1_score-stdv': 0.0035619340089649313}
{'boosting': 'gbdt', 'colsample_bytree': 1, 'learning_rate': 0.03, 'max_depth': 16, 'min_child_samples': 30, 'n_estimators': 600, 'num_class': 4, 'num_leaves': 800, 'objective': 'multiclass', 'reg_alpha': 0.1, 'reg_lambda': 0.5, 'subsample': 0.8, 'verbose': 1, 'f1_score-mean': 0.964542107195148, 'f1_score-stdv': 0.0035619340089649313}
{'boosting': 'gbdt', 'colsample_bytree': 1, 'learning_rate': 0.03, 'max_depth': 16, 'min_child_samples': 30, 'n_estimators': 600, 'num_class': 4, 'num_leaves': 800, 'objective': 'multiclass', 'reg_alpha': 0.1, 'reg_lambda': 0.5, 'subsample': 0.8, 'verbose': 1, 'f1_score-mean': 0.964542107195148, 'f1_score-stdv': 0.0035619340089649313}
{'boosting': 'gbdt', 'colsample_bytree': 1, 'learning_rate': 0.03, 'max_depth': 12, 'min_child_samples': 30, 'n_estimators': 600, 'num_class': 4, 'num_leaves': 800, 'objective': 'multiclass', 'reg_alpha': 0.1, 'reg_lambda': 0.5, 'subsample': 0.5, 'verbose': 1, 'f1_score-mean': 0.9632870118225687, 'f1_score-stdv': 0.003464670071556323}
{'boosting': 'gbdt', 'colsample_bytree': 1, 'learning_rate': 0.03, 'max_depth': 8, 'min_child_samples': 30, 'n_estimators': 600, 'num_class': 4, 'num_leaves': 800, 'objective': 'multiclass', 'reg_alpha': 0.4, 'reg_lambda': 0.1, 'subsample': 0.2, 'verbose': 1, 'f1_score-mean': 0.9615345712950758, 'f1_score-stdv': 0.003003943312205357}
{'boosting': 'gbdt', 'colsample_bytree': 1, 'learning_rate': 0.03, 'max_depth': 5, 'min_child_samples': 50, 'n_estimators': 600, 'num_class': 4, 'num_leaves': 800, 'objective': 'multiclass', 'reg_alpha': 0.1, 'reg_lambda': 0.6000000000000001, 'subsample': 0.5, 'verbose': 1, 'f1_score-mean': 0.9577456828489949, 'f1_score-stdv': 0.0033648271318231864}
{'boosting': 'gbdt', 'colsample_bytree': 1, 'learning_rate': 0.03, 'max_depth': 15, 'min_child_samples': 100, 'n_estimators': 600, 'num_class': 4, 'num_leaves': 200, 'objective': 'multiclass', 'reg_alpha': 0.6000000000000001, 'reg_lambda': 0.2, 'subsample': 0.7000000000000001, 'verbose': 1, 'f1_score-mean': 0.9632993745597354, 'f1_score-stdv': 0.0032443212489692997}
{'boosting': 'gbdt', 'colsample_bytree': 1, 'learning_rate': 0.03, 'max_depth': 16, 'min_child_samples': 40, 'n_estimators': 600, 'num_class': 4, 'num_leaves': 300, 'objective': 'multiclass', 'reg_alpha': 0.30000000000000004, 'reg_lambda': 0.5, 'subsample': 0.9, 'verbose': 1, 'f1_score-mean': 0.964081751416178, 'f1_score-stdv': 0.003536400833168943}
{'boosting': 'gbdt', 'colsample_bytree': 1, 'learning_rate': 0.03, 'max_depth': 9, 'min_child_samples': 30, 'n_estimators': 400, 'num_class': 4, 'num_leaves': 900, 'objective': 'multiclass', 'reg_alpha': 0.0, 'reg_lambda': 0.30000000000000004, 'subsample': 0.8, 'verbose': 1, 'f1_score-mean': 0.9619227562713653, 'f1_score-stdv': 0.0033516071604085484}
{'boosting': 'gbdt', 'colsample_bytree': 1, 'learning_rate': 0.03, 'max_depth': 13, 'min_child_samples': 90, 'n_estimators': 700, 'num_class': 4, 'num_leaves': 600, 'objective': 'multiclass', 'reg_alpha': 0.5, 'reg_lambda': 0.7000000000000001, 'subsample': 0.6, 'verbose': 1, 'f1_score-mean': 0.9636342243948629, 'f1_score-stdv': 0.003488857658361457}
{'boosting': 'gbdt', 'colsample_bytree': 1, 'learning_rate': 0.03, 'max_depth': 11, 'min_child_samples': 30, 'n_estimators': 600, 'num_class': 4, 'num_leaves': 800, 'objective': 'multiclass', 'reg_alpha': 0.7000000000000001, 'reg_lambda': 0.4, 'subsample': 0.5, 'verbose': 1, 'f1_score-mean': 0.9637884174138682, 'f1_score-stdv': 0.003530532888296818}
{'boosting': 'gbdt', 'colsample_bytree': 1, 'learning_rate': 0.001, 'max_depth': 7, 'min_child_samples': 30, 'n_estimators': 600, 'num_class': 4, 'num_leaves': 400, 'objective': 'multiclass', 'reg_alpha': 0.0, 'reg_lambda': 0.0, 'subsample': 0.1, 'verbose': 1, 'f1_score-mean': 0.14816861796091485, 'f1_score-stdv': 4.107957944374971e-05}
{'boosting': 'gbdt', 'colsample_bytree': 1, 'learning_rate': 0.03, 'max_depth': 15, 'min_child_samples': 20, 'n_estimators': 300, 'num_class': 4, 'num_leaves': 1000, 'objective': 'multiclass', 'reg_alpha': 0.9, 'reg_lambda': 0.2, 'subsample': 0.5, 'verbose': 1, 'f1_score-mean': 0.9639508936442673, 'f1_score-stdv': 0.0036334110347288474}
{'boosting': 'gbdt', 'colsample_bytree': 1, 'learning_rate': 0.03, 'max_depth': 14, 'min_child_samples': 30, 'n_estimators': 200, 'num_class': 4, 'num_leaves': 200, 'objective': 'multiclass', 'reg_alpha': 0.4, 'reg_lambda': 0.5, 'subsample': 0.4, 'verbose': 1, 'f1_score-mean': 0.9626370901175951, 'f1_score-stdv': 0.0037799652609897066}
{'boosting': 'gbdt', 'colsample_bytree': 1, 'learning_rate': 0.1, 'max_depth': 18, 'min_child_samples': 70, 'n_estimators': 600, 'num_class': 4, 'num_leaves': 500, 'objective': 'multiclass', 'reg_alpha': 0.0, 'reg_lambda': 0.9, 'subsample': 0.30000000000000004, 'verbose': 1, 'f1_score-mean': 0.9626506561025285, 'f1_score-stdv': 0.00395475326774438}
{'boosting': 'gbdt', 'colsample_bytree': 1, 'learning_rate': 0.03, 'max_depth': 16, 'min_child_samples': 80, 'n_estimators': 500, 'num_class': 4, 'num_leaves': 800, 'objective': 'multiclass', 'reg_alpha': 0.2, 'reg_lambda': 0.7000000000000001, 'subsample': 0.8, 'verbose': 1, 'f1_score-mean': 0.9636098354457682, 'f1_score-stdv': 0.0035366414530457043}
{'boosting': 'gbdt', 'colsample_bytree': 1, 'learning_rate': 0.03, 'max_depth': 10, 'min_child_samples': 60, 'n_estimators': 600, 'num_class': 4, 'num_leaves': 200, 'objective': 'multiclass', 'reg_alpha': 0.1, 'reg_lambda': 0.2, 'subsample': 0.5, 'verbose': 1, 'f1_score-mean': 0.9628957861018808, 'f1_score-stdv': 0.0034028214288770267}
{'boosting': 'gbdt', 'colsample_bytree': 1, 'learning_rate': 0.03, 'max_depth': 17, 'min_child_samples': 30, 'n_estimators': 400, 'num_class': 4, 'num_leaves': 700, 'objective': 'multiclass', 'reg_alpha': 0.8, 'reg_lambda': 0.8, 'subsample': 0.5, 'verbose': 1, 'f1_score-mean': 0.9639478977063602, 'f1_score-stdv': 0.003566843502841257}
{'boosting': 'gbdt', 'colsample_bytree': 1, 'learning_rate': 0.001, 'max_depth': 15, 'min_child_samples': 100, 'n_estimators': 600, 'num_class': 4, 'num_leaves': 100, 'objective': 'multiclass', 'reg_alpha': 0.4, 'reg_lambda': 0.1, 'subsample': 0.2, 'verbose': 1, 'f1_score-mean': 0.14816861796091485, 'f1_score-stdv': 4.107957944374971e-05}
{'boosting': 'gbdt', 'colsample_bytree': 1, 'learning_rate': 0.03, 'max_depth': 6, 'min_child_samples': 50, 'n_estimators': 700, 'num_class': 4, 'num_leaves': 800, 'objective': 'multiclass', 'reg_alpha': 0.30000000000000004, 'reg_lambda': 0.6000000000000001, 'subsample': 0.7000000000000001, 'verbose': 1, 'f1_score-mean': 0.9602897238348496, 'f1_score-stdv': 0.003292470154307258}
{'boosting': 'gbdt', 'colsample_bytree': 1, 'learning_rate': 0.03, 'max_depth': 12, 'min_child_samples': 30, 'n_estimators': 600, 'num_class': 4, 'num_leaves': 200, 'objective': 'multiclass', 'reg_alpha': 0.6000000000000001, 'reg_lambda': 0.2, 'subsample': 0.9, 'verbose': 1, 'f1_score-mean': 0.9644168599491486, 'f1_score-stdv': 0.003206504740300833}
{'boosting': 'gbdt', 'colsample_bytree': 1, 'learning_rate': 0.1, 'max_depth': 5, 'min_child_samples': 40, 'n_estimators': 300, 'num_class': 4, 'num_leaves': 300, 'objective': 'multiclass', 'reg_alpha': 0.0, 'reg_lambda': 0.30000000000000004, 'subsample': 0.5, 'verbose': 1, 'f1_score-mean': 0.9599598229325462, 'f1_score-stdv': 0.004169938206911067}
{'boosting': 'gbdt', 'colsample_bytree': 1, 'learning_rate': 0.03, 'max_depth': 16, 'min_child_samples': 90, 'n_estimators': 200, 'num_class': 4, 'num_leaves': 900, 'objective': 'multiclass', 'reg_alpha': 0.5, 'reg_lambda': 0.7000000000000001, 'subsample': 0.6, 'verbose': 1, 'f1_score-mean': 0.9585404846796827, 'f1_score-stdv': 0.003307571317019307}
{'boosting': 'gbdt', 'colsample_bytree': 1, 'learning_rate': 0.03, 'max_depth': 15, 'min_child_samples': 20, 'n_estimators': 600, 'num_class': 4, 'num_leaves': 400, 'objective': 'multiclass', 'reg_alpha': 0.7000000000000001, 'reg_lambda': 0.4, 'subsample': 0.8, 'verbose': 1, 'f1_score-mean': 0.9638667909953711, 'f1_score-stdv': 0.0026858666936244065}
{'boosting': 'gbdt', 'colsample_bytree': 1, 'learning_rate': 0.001, 'max_depth': 8, 'min_child_samples': 30, 'n_estimators': 600, 'num_class': 4, 'num_leaves': 1000, 'objective': 'multiclass', 'reg_alpha': 0.9, 'reg_lambda': 0.0, 'subsample': 0.5, 'verbose': 1, 'f1_score-mean': 0.14816861796091485, 'f1_score-stdv': 4.107957944374971e-05}
{'boosting': 'gbdt', 'colsample_bytree': 1, 'learning_rate': 0.03, 'max_depth': 13, 'min_child_samples': 30, 'n_estimators': 500, 'num_class': 4, 'num_leaves': 600, 'objective': 'multiclass', 'reg_alpha': 0.1, 'reg_lambda': 0.2, 'subsample': 0.1, 'verbose': 1, 'f1_score-mean': 0.9641725627782023, 'f1_score-stdv': 0.00353243832155072}
{'boosting': 'gbdt', 'colsample_bytree': 1, 'learning_rate': 0.03, 'max_depth': 9, 'min_child_samples': 80, 'n_estimators': 600, 'num_class': 4, 'num_leaves': 200, 'objective': 'multiclass', 'reg_alpha': 0.0, 'reg_lambda': 0.9, 'subsample': 0.4, 'verbose': 1, 'f1_score-mean': 0.96194215638887, 'f1_score-stdv': 0.003835201773947424}
{'boosting': 'gbdt', 'colsample_bytree': 1, 'learning_rate': 0.03, 'max_depth': 16, 'min_child_samples': 70, 'n_estimators': 400, 'num_class': 4, 'num_leaves': 500, 'objective': 'multiclass', 'reg_alpha': 0.4, 'reg_lambda': 0.5, 'subsample': 0.30000000000000004, 'verbose': 1, 'f1_score-mean': 0.9632189613580241, 'f1_score-stdv': 0.003525868441575231}
{'boosting': 'gbdt', 'colsample_bytree': 1, 'learning_rate': 0.1, 'max_depth': 11, 'min_child_samples': 30, 'n_estimators': 600, 'num_class': 4, 'num_leaves': 800, 'objective': 'multiclass', 'reg_alpha': 0.2, 'reg_lambda': 0.7000000000000001, 'subsample': 0.5, 'verbose': 1, 'f1_score-mean': 0.9632161231084971, 'f1_score-stdv': 0.003426516708092013}
{'boosting': 'gbdt', 'colsample_bytree': 1, 'learning_rate': 0.03, 'max_depth': 15, 'min_child_samples': 60, 'n_estimators': 700, 'num_class': 4, 'num_leaves': 200, 'objective': 'multiclass', 'reg_alpha': 0.0, 'reg_lambda': 0.2, 'subsample': 0.8, 'verbose': 1, 'f1_score-mean': 0.9625188942353852, 'f1_score-stdv': 0.0038823996798374176}
{'boosting': 'gbdt', 'colsample_bytree': 1, 'learning_rate': 0.03, 'max_depth': 7, 'min_child_samples': 30, 'n_estimators': 600, 'num_class': 4, 'num_leaves': 700, 'objective': 'multiclass', 'reg_alpha': 0.8, 'reg_lambda': 0.5, 'subsample': 0.5, 'verbose': 1, 'f1_score-mean': 0.9621025293200564, 'f1_score-stdv': 0.003257580651875462}
{'boosting': 'gbdt', 'colsample_bytree': 1, 'learning_rate': 0.001, 'max_depth': 18, 'min_child_samples': 100, 'n_estimators': 300, 'num_class': 4, 'num_leaves': 800, 'objective': 'multiclass', 'reg_alpha': 0.1, 'reg_lambda': 0.8, 'subsample': 0.2, 'verbose': 1, 'f1_score-mean': 0.14816861796091485, 'f1_score-stdv': 4.107957944374971e-05}
{'boosting': 'gbdt', 'colsample_bytree': 1, 'learning_rate': 0.03, 'max_depth': 14, 'min_child_samples': 50, 'n_estimators': 200, 'num_class': 4, 'num_leaves': 100, 'objective': 'multiclass', 'reg_alpha': 0.4, 'reg_lambda': 0.1, 'subsample': 0.7000000000000001, 'verbose': 1, 'f1_score-mean': 0.9612380559202469, 'f1_score-stdv': 0.003766968396730243}
{'boosting': 'gbdt', 'colsample_bytree': 1, 'learning_rate': 0.03, 'max_depth': 10, 'min_child_samples': 40, 'n_estimators': 600, 'num_class': 4, 'num_leaves': 200, 'objective': 'multiclass', 'reg_alpha': 0.0, 'reg_lambda': 0.2, 'subsample': 0.6, 'verbose': 1, 'f1_score-mean': 0.9602551330067731, 'f1_score-stdv': 0.004005314267785705}
{'boosting': 'gbdt', 'colsample_bytree': 1, 'learning_rate': 0.1, 'max_depth': 17, 'min_child_samples': 30, 'n_estimators': 500, 'num_class': 4, 'num_leaves': 300, 'objective': 'multiclass', 'reg_alpha': 0.30000000000000004, 'reg_lambda': 0.6000000000000001, 'subsample': 0.9, 'verbose': 1, 'f1_score-mean': 0.9644416005466689, 'f1_score-stdv': 0.003796938169108709}
{'boosting': 'gbdt', 'colsample_bytree': 1, 'learning_rate': 0.03, 'max_depth': 16, 'min_child_samples': 90, 'n_estimators': 600, 'num_class': 4, 'num_leaves': 800, 'objective': 'multiclass', 'reg_alpha': 0.6000000000000001, 'reg_lambda': 0.7000000000000001, 'subsample': 0.5, 'verbose': 1, 'f1_score-mean': 0.9629171744687856, 'f1_score-stdv': 0.003269817770272064}
{'boosting': 'gbdt', 'colsample_bytree': 1, 'learning_rate': 0.03, 'max_depth': 15, 'min_child_samples': 20, 'n_estimators': 600, 'num_class': 4, 'num_leaves': 900, 'objective': 'multiclass', 'reg_alpha': 0.5, 'reg_lambda': 0.30000000000000004, 'subsample': 0.1, 'verbose': 1, 'f1_score-mean': 0.9640762235987499, 'f1_score-stdv': 0.0031745273908245636}
{'boosting': 'gbdt', 'colsample_bytree': 1, 'learning_rate': 0.03, 'max_depth': 19, 'min_child_samples': 30, 'n_estimators': 400, 'num_class': 4, 'num_leaves': 600, 'objective': 'multiclass', 'reg_alpha': 0.7000000000000001, 'reg_lambda': 0.4, 'subsample': 0.5, 'verbose': 1, 'f1_score-mean': 0.9631520696334718, 'f1_score-stdv': 0.0038737601283703477}
{'boosting': 'gbdt', 'colsample_bytree': 1, 'learning_rate': 0.001, 'max_depth': 12, 'min_child_samples': 30, 'n_estimators': 700, 'num_class': 4, 'num_leaves': 400, 'objective': 'multiclass', 'reg_alpha': 0.9, 'reg_lambda': 0.0, 'subsample': 0.4, 'verbose': 1, 'f1_score-mean': 0.14816861796091485, 'f1_score-stdv': 4.107957944374971e-05}
{'boosting': 'gbdt', 'colsample_bytree': 1, 'learning_rate': 0.03, 'max_depth': 6, 'min_child_samples': 80, 'n_estimators': 600, 'num_class': 4, 'num_leaves': 1000, 'objective': 'multiclass', 'reg_alpha': 0.0, 'reg_lambda': 0.2, 'subsample': 0.30000000000000004, 'verbose': 1, 'f1_score-mean': 0.958273913196835, 'f1_score-stdv': 0.0033107443501499546}
{'boosting': 'gbdt', 'colsample_bytree': 1, 'learning_rate': 0.03, 'max_depth': 5, 'min_child_samples': 70, 'n_estimators': 600, 'num_class': 4, 'num_leaves': 200, 'objective': 'multiclass', 'reg_alpha': 0.1, 'reg_lambda': 0.5, 'subsample': 0.8, 'verbose': 1, 'f1_score-mean': 0.9568348465977703, 'f1_score-stdv': 0.003573353005053678}
{'boosting': 'gbdt', 'colsample_bytree': 1, 'learning_rate': 0.03, 'max_depth': 16, 'min_child_samples': 30, 'n_estimators': 300, 'num_class': 4, 'num_leaves': 800, 'objective': 'multiclass', 'reg_alpha': 0.4, 'reg_lambda': 0.9, 'subsample': 0.5, 'verbose': 1, 'f1_score-mean': 0.963885899707518, 'f1_score-stdv': 0.003308160936895629}
{'boosting': 'gbdt', 'colsample_bytree': 1, 'learning_rate': 0.1, 'max_depth': 15, 'min_child_samples': 60, 'n_estimators': 600, 'num_class': 4, 'num_leaves': 500, 'objective': 'multiclass', 'reg_alpha': 0.2, 'reg_lambda': 0.7000000000000001, 'subsample': 0.8, 'verbose': 1, 'f1_score-mean': 0.9626883858438587, 'f1_score-stdv': 0.0032315516142411797}
{'boosting': 'gbdt', 'colsample_bytree': 1, 'learning_rate': 0.03, 'max_depth': 8, 'min_child_samples': 30, 'n_estimators': 200, 'num_class': 4, 'num_leaves': 200, 'objective': 'multiclass', 'reg_alpha': 0.0, 'reg_lambda': 0.2, 'subsample': 0.2, 'verbose': 1, 'f1_score-mean': 0.9545739292334906, 'f1_score-stdv': 0.0031848678938713286}
{'boosting': 'gbdt', 'colsample_bytree': 1, 'learning_rate': 0.03, 'max_depth': 13, 'min_child_samples': 100, 'n_estimators': 600, 'num_class': 4, 'num_leaves': 700, 'objective': 'multiclass', 'reg_alpha': 0.8, 'reg_lambda': 0.8, 'subsample': 0.5, 'verbose': 1, 'f1_score-mean': 0.9614906171848829, 'f1_score-stdv': 0.0036641333696820206}
{'boosting': 'gbdt', 'colsample_bytree': 1, 'learning_rate': 0.001, 'max_depth': 16, 'min_child_samples': 50, 'n_estimators': 500, 'num_class': 4, 'num_leaves': 800, 'objective': 'multiclass', 'reg_alpha': 0.1, 'reg_lambda': 0.1, 'subsample': 0.7000000000000001, 'verbose': 1, 'f1_score-mean': 0.14816861796091485, 'f1_score-stdv': 4.107957944374971e-05}
{'boosting': 'gbdt', 'colsample_bytree': 1, 'learning_rate': 0.03, 'max_depth': 9, 'min_child_samples': 30, 'n_estimators': 600, 'num_class': 4, 'num_leaves': 100, 'objective': 'multiclass', 'reg_alpha': 0.4, 'reg_lambda': 0.2, 'subsample': 0.9, 'verbose': 1, 'f1_score-mean': 0.9627749360791708, 'f1_score-stdv': 0.0034364904104631435}
{'boosting': 'gbdt', 'colsample_bytree': 1, 'learning_rate': 0.03, 'max_depth': 15, 'min_child_samples': 40, 'n_estimators': 400, 'num_class': 4, 'num_leaves': 200, 'objective': 'multiclass', 'reg_alpha': 0.0, 'reg_lambda': 0.5, 'subsample': 0.5, 'verbose': 1, 'f1_score-mean': 0.9631227632085579, 'f1_score-stdv': 0.0036740777091663593}
{'boosting': 'gbdt', 'colsample_bytree': 1, 'learning_rate': 0.1, 'max_depth': 11, 'min_child_samples': 90, 'n_estimators': 700, 'num_class': 4, 'num_leaves': 900, 'objective': 'multiclass', 'reg_alpha': 0.6000000000000001, 'reg_lambda': 0.7000000000000001, 'subsample': 0.6, 'verbose': 1, 'f1_score-mean': 0.9628390673705269, 'f1_score-stdv': 0.0035619778522381776}
{'boosting': 'gbdt', 'colsample_bytree': 1, 'learning_rate': 0.03, 'max_depth': 7, 'min_child_samples': 20, 'n_estimators': 600, 'num_class': 4, 'num_leaves': 300, 'objective': 'multiclass', 'reg_alpha': 0.30000000000000004, 'reg_lambda': 0.6000000000000001, 'subsample': 0.1, 'verbose': 1, 'f1_score-mean': 0.9611002098630642, 'f1_score-stdv': 0.004114529248796824}
{'boosting': 'gbdt', 'colsample_bytree': 1, 'learning_rate': 0.03, 'max_depth': 14, 'min_child_samples': 30, 'n_estimators': 600, 'num_class': 4, 'num_leaves': 800, 'objective': 'multiclass', 'reg_alpha': 0.5, 'reg_lambda': 0.30000000000000004, 'subsample': 0.8, 'verbose': 1, 'f1_score-mean': 0.9639673578152943, 'f1_score-stdv': 0.003422405124546465}
{'boosting': 'gbdt', 'colsample_bytree': 1, 'learning_rate': 0.03, 'max_depth': 18, 'min_child_samples': 30, 'n_estimators': 200, 'num_class': 4, 'num_leaves': 600, 'objective': 'multiclass', 'reg_alpha': 0.7000000000000001, 'reg_lambda': 0.2, 'subsample': 0.5, 'verbose': 1, 'f1_score-mean': 0.9632036900147044, 'f1_score-stdv': 0.003391932821227253}
